{"cameraMode":{"drawMode":0,"name":"Shaded","section":"Shading Mode"},"sceneLighting":false,"audioPlay":false,"sceneViewState":{"m_AlwaysRefresh":false,"showFog":true,"showSkybox":false,"showFlares":true,"showImageEffects":true,"showParticleSystems":true,"showVisualEffectGraphs":true,"m_FxEnabled":true},"in2DMode":false,"pivot":{"x":-0.4700438380241394,"y":-0.1682370901107788,"z":0.26523417234420779},"rotation":{"x":-0.04202871024608612,"y":0.955114483833313,"z":-0.24165362119674684,"w":-0.16611501574516297},"size":0.9338937997817993,"orthographic":false}