{"cameraMode":{"drawMode":0,"name":"Shaded","section":"Shading Mode"},"sceneLighting":false,"audioPlay":false,"sceneViewState":{"m_AlwaysRefresh":false,"showFog":true,"showSkybox":false,"showFlares":true,"showImageEffects":true,"showParticleSystems":true,"showVisualEffectGraphs":true,"m_FxEnabled":true},"in2DMode":false,"pivot":{"x":-23.325115203857423,"y":26.672325134277345,"z":3.6459579467773439},"rotation":{"x":-0.04202871024608612,"y":0.955114483833313,"z":-0.24165362119674684,"w":-0.16611501574516297},"size":0.8660253882408142,"orthographic":false}